email,platenum,drivinglicensenum,vehicletype,vehiclebrand
kmcdermottrowz@google.co.uk,B6808ZM,1507607059,Motor,Honda
lsanderson10@cam.ac.uk,AD4078HS,1035965856,Mobil,Hyundai
cmeatcher11@deliciousdays.com,B5097LT,1057722535,Motor,Yamaha
hbellchamber12@wiley.com,F6924LP,1343338222,Motor,Suzuki
cgoodread13@hugedomains.com,D9873IDR,1738610293,Motor,Kawasaki
hlownes14@yolasite.com,AA3526UOE,1324184572,Mobil,Toyota
alantry15@youtu.be,F8823FQ,1260113534,Motor,Honda
eprimett16@tumblr.com,BK3071BTK,1452226835,Motor,Yamaha
egolledge17@harvard.edu,D8898SHA,2085853500,Motor,Yamaha
lobispo18@cornell.edu,BB9030TVR,1317866437,Mobil,Toyota
