email,birthdate,sex
zmandre5@cafepress.com,2009-03-04,M
ecosterd6@goo.ne.jp,1993-02-16,F
djoel7@google.nl,1992-09-25,M
estorton8@comsenz.com,2001-07-23,F
vbestwerthick9@gov.uk,2009-02-23,M
acardenosaa@earthlink.net,2010-07-13,F
scutillb@vinaora.com,2001-02-01,F
gtinseyc@tuttocitta.it,1993-03-04,M
efavilld@dell.com,2010-05-30,M
ecraydone@theatlantic.com,2000-02-12,M
tchristenef@army.mil,2005-02-11,M
cwaszczykg@mediafire.com,1999-01-31,F
brishworthh@miitbeian.gov.cn,2008-10-11,M
vvandenhofi@indiatimes.com,1997-06-17,M
qwakelingj@zimbio.com,2009-01-04,M
pyarek@tuttocitta.it,1999-01-11,F
bgrievesl@wordpress.com,1999-07-01,F
mliccardim@addthis.com,2008-06-28,M
smerceyn@mapy.cz,2004-01-23,M
bcasacchiao@geocities.jp,1997-12-09,M
