name,branch,day,starthours,endhours
Feedburner Eats,Bubutan,Senin,09:00:00,21:00:00
Feedburner Eats,Bubutan,Selasa,07:00:00,19:00:00
Feedburner Eats,Bubutan,Rabu,08:00:00,20:00:00
Warung Webs,Penjaringan,Kamis,09:00:00,21:00:00
Warung Webs,Penjaringan,Jumat,07:00:00,19:00:00
Warung Webs,Penjaringan,Sabtu,08:00:00,20:00:00
Stanford Resto,Setiabudi,Minggu,09:00:00,21:00:00
Stanford Resto,Setiabudi,Senin,07:00:00,19:00:00
Stanford Resto,Setiabudi,Selasa,08:00:00,20:00:00
NatGeo Eats,Semarang Selatan,Rabu,09:00:00,21:00:00
NatGeo Eats,Semarang Selatan,Kamis,07:00:00,19:00:00
NatGeo Eats,Semarang Selatan,Jumat,08:00:00,20:00:00
Ovh Diner,Kebon Jeruk,Sabtu,09:00:00,21:00:00
Ovh Diner,Kebon Jeruk,Minggu,07:00:00,19:00:00
Ovh Diner,Kebon Jeruk,Senin,08:00:00,20:00:00
RM Xrea,Medan Kota,Selasa,09:00:00,21:00:00
RM Xrea,Medan Kota,Rabu,07:00:00,19:00:00
RM Xrea,Medan Kota,Kamis,08:00:00,20:00:00
Warteg Yellowbook,Pakualaman,Jumat,09:00:00,21:00:00
Warteg Yellowbook,Pakualaman,Sabtu,07:00:00,19:00:00
Warteg Yellowbook,Pakualaman,Minggu,08:00:00,20:00:00
Image Shack,Pademangan,Senin,09:00:00,21:00:00
Image Shack,Pademangan,Selasa,07:00:00,19:00:00
Image Shack,Pademangan,Rabu,08:00:00,20:00:00
Warmindo Imgur,Taman Sari,Kamis,09:00:00,21:00:00
Warmindo Imgur,Taman Sari,Jumat,07:00:00,19:00:00
Warmindo Imgur,Taman Sari,Sabtu,08:00:00,20:00:00
Warkop Ihg,Kacapiring,Minggu,09:00:00,21:00:00
Warkop Ihg,Kacapiring,Senin,07:00:00,19:00:00
Warkop Ihg,Kacapiring,Selasa,08:00:00,20:00:00
