rname,rbranch,email,rphonenum,street,district,city,province,rating,rcategory
Feedburner Eats,Bubutan,ctindlep@feedburner.com,2158139651.0,Jl Semarang 136-B,Bubutan,Surabaya,Jawa Timur,10,RC3
Warung Webs,Penjaringan,rborlandq@webs.com,5052407045.0,Jl Pluit Karang Cantik XIII,Penjaringan,Jakarta,DKI Jakarta,1,RC3
Stanford Resto,Setiabudi,kcastagner@stanford.edu,5053797983.0,Jl HR Rasuna Said Kav 1,Setiabudi,Jakarta,DKI Jakarta,2,RC4
NatGeo Eats,Semarang Selatan,stucks@nationalgeographic.com,3708693106.0,Jl Letjen Haryono MT 992-994,Semarang Selatan,Semarang,Jawa Tengah,3,RC4
Ovh Diner,Kebon Jeruk,jebbuttt@ovh.net,4437408211.0,Jl Kedoya Utr 4,Kebon Jeruk,Jakarta,DKI Jakarta,4,RC2
RM Xrea,Medan Kota,gironu@xrea.com,2397527263.0,Jl Jend Gatot Subroto 152 A,Medan Kota,Medan,Sumatera Utara,5,RC2
Warteg Yellowbook,Pakualaman,lsandeyv@yellowbook.com,8009742944.0,Jl Sultan Agung 34,Pakualaman,Yogyakarta,DI Yogyakarta,6,RC5
Image Shack,Pademangan,dbarnettw@imageshack.us,6028283069.0,Jl Baruna II 2,Pademangan,Jakarta,DKI Jakarta,7,RC5
Warmindo Imgur,Taman Sari,tvigarx@imgur.com,6857081354.0,Jl Pancoran 42 A,Taman Sari,Jakarta,DKI Jakarta,8,RC1
Warkop Ihg,Kacapiring,jwandsy@ihg.com,9897877032.0,Jl Jend A Yani 238,Kacapiring,Bandung,Jawa Barat,9,RC1
