email,datetime,street,district,city,province,totalfood,totaldiscount,deliveryfee,totalprice,rating,pmid,psid,dfid,courierid
zmandre5@cafepress.com,2017-07-23 00:00:00.000000,Jln. Penyu No. 02,Air Putih,Batubara,Sumatera Utara,120000,1000,12939,131939,5,1,635690f2fc13ae44b700022c,3,kmcdermottrowz@google.co.uk
ecosterd6@goo.ne.jp,2020-12-30 00:00:00.000000,Jln. Kemayoran No. 37,Pandau Hulu,Medan,Sumatera Utara,100000,32000,15424,83424,5,1,635690f2fc13ae44b700022d,1,lsanderson10@cam.ac.uk
djoel7@google.nl,2021-10-05 00:00:00.000000,Jln. Basdat No. 86,Tambora,Angke,Jakarta Barat,59000,32100,13114,40014,4,2,635690f2fc13ae44b700022d,2,cmeatcher11@deliciousdays.com
estorton8@comsenz.com,2018-05-12 00:00:00.000000,Jln. Soekarno Baru No. 57,Johar Baru,Johar Baru,Jakarta Tengah,34000,10102,15341,39239,3,1,635690f2fc13ae44b700022c,5,hbellchamber12@wiley.com
vbestwerthick9@gov.uk,2019-10-10 00:00:00.000000,Jln. Masyarakat No. 59,Anggana,Kutai Kartanegara,Kalimantan Timur,55900,12041,54253,98112,4,3,635690f2fc13ae44b700022c,4,cgoodread13@hugedomains.com
acardenosaa@earthlink.net,2017-05-05 00:00:00.000000,Jln. Merdeka Lama No. 10,Muara Komam,Paser,Kalimantan Timur,300040,15103,12142,297079,5,1,635690f2fc13ae44b700022c,7,hlownes14@yolasite.com
scutillb@vinaora.com,2022-05-07 00:00:00.000000,Jln. Lee Hiong Hee No. 98,Air Buaya,Buru,Maluku,50190,12901,15251,52540,4,1,635690f2fc13ae44b700022c,9,alantry15@youtu.be
gtinseyc@tuttocitta.it,2022-09-10 00:00:00.000000,Jln. Tiduran No. 100,Anyar,Serang,Banten,20000,0,15345,35345,5,5,635690f2fc13ae44b700022e,8,eprimett16@tumblr.com
efavilld@dell.com,2021-01-24 00:00:00.000000,Jln. Kuku No. 7,Binuang,Polewali Mandar,Sulawesi Barat,68900,12310,63565,120155,1,4,635690f2fc13ae44b700022d,6,egolledge17@harvard.edu
ecraydone@theatlantic.com,2021-11-09 00:00:00.000000,Jln. Kebahagiaan No. 29 ,Dliingo,Bantul,D.I.Y,79000,3100,12415,88315,2,3,635690f2fc13ae44b700022e,10,lobispo18@cornell.edu
