email,password,phonenum,fname,lname
eclibbery0@cisco.com,4ihCBC,3112589459,Emmi,Clibbery
olowthian1@parallels.com,ORJhH31Y,3824762971,Ophelia,Lowthian
awilshaw2@about.me,RYaSpb9rJvQo,6311864984,Antonius,Wilshaw
jcarrodus3@redcross.org,m8EqD1Ueh3,1622201048,Jill,Carrodus
kbutterfield4@cam.ac.uk,DopOnw3eTimD,7531097680,Keefer,Butterfield
zmandre5@cafepress.com,2OEEGF,2336907982,Zia,Mandre
ecosterd6@goo.ne.jp,yKhbNJQ,2867478186,Erek,Costerd
djoel7@google.nl,pltnrTr9Ia,6344702588,Dannel,Joel
estorton8@comsenz.com,kEtl567,6369716408,Ellissa,Storton
vbestwerthick9@gov.uk,t3SSAWOW,3045789153,Vinnie,Bestwerthick
acardenosaa@earthlink.net,eJFqMQ,2662706779,Arvy,Cardenosa
scutillb@vinaora.com,qhWa8J,7083297155,Shane,Cutill
gtinseyc@tuttocitta.it,tvuxpx,5148258341,Goddart,Tinsey
efavilld@dell.com,3WljVdvJ,5035698815,Editha,Favill
ecraydone@theatlantic.com,cyvCjj73xa,6214095822,Enrica,Craydon
tchristenef@army.mil,BuA9Mbkv93h,5685336311,Tony,Christene
cwaszczykg@mediafire.com,oWxb7NBeUbJ9,2859778017,Crissy,Waszczyk
brishworthh@miitbeian.gov.cn,rlc1aO7xbz3N,9978935937,Brenda,Rishworth
vvandenhofi@indiatimes.com,HjpvzhfU,5823641991,Vassili,Van den Hof
qwakelingj@zimbio.com,Z9yCdy,1155978355,Quintilla,Wakeling
pyarek@tuttocitta.it,TVQTVLNM1,4752809971,Phineas,Yare
bgrievesl@wordpress.com,rqVvBDXC,7039991267,Brenden,Grieves
mliccardim@addthis.com,qZuxw8vMBGsQ,8081080960,Meggy,Liccardi
smerceyn@mapy.cz,mS7m38MKwYU,9268598156,Susann,Mercey
bcasacchiao@geocities.jp,YVzRZj0lUKW7,4123057237,Billie,Casacchia
ctindlep@feedburner.com,xi2DEPwx,4644601691,Chalmers,Tindle
rborlandq@webs.com,JRXgTyTVk,6768077374,Rebeca,Borland
kcastagner@stanford.edu,lzOS304,5167970156,Kane,Castagne
stucks@nationalgeographic.com,nGL08Szbr,8357271165,Salaidh,Tuck
jebbuttt@ovh.net,Lfmtoyj2ni0,5128494960,Janette,Ebbutt
gironu@xrea.com,pnpxvnSE11,7265906742,George,Iron
lsandeyv@yellowbook.com,CsvgstSRww,2624520099,Lin,Sandey
dbarnettw@imageshack.us,B7MHESFkp,7242013498,Dallon,Barnett
tvigarx@imgur.com,yk4SdUhvuiU,4952548685,Tootsie,Vigar
jwandsy@ihg.com,vXGvSY,4662887178,Jerrie,Wands
kmcdermottrowz@google.co.uk,hVtI8Z2d,2549232944,Kain,McDermott-Row
lsanderson10@cam.ac.uk,MUsi9Qf5,3331770021,Lesly,Sanderson
cmeatcher11@deliciousdays.com,5EueIb6Vaq6,5055057379,Celisse,Meatcher
hbellchamber12@wiley.com,D1MQPW2,5986152852,Harrison,Bellchamber
cgoodread13@hugedomains.com,8wALWCC,9224972919,Clay,Goodread
hlownes14@yolasite.com,GVFJDMdFr,2639309671,Helen-elizabeth,Lownes
alantry15@youtu.be,DkmKNy0Sl,2158450657,Anselm,Lantry
eprimett16@tumblr.com,7Rh7aCD,9715477710,Emmalyn,Primett
egolledge17@harvard.edu,vJbJrUZKmTY2,1977650643,Eba,Golledge
lobispo18@cornell.edu,mReDjxmIyv,3679530899,Lissa,Obispo
